rank,url,slug,locale,category,clicks,impressions,ctr,position,post_id,title,has_placeholder,date,featured_image,is_working
5,https://www.afriquesports.net/classement/la-liste-de-tous-les-ballons-dor-africains-et-des-records,la-liste-de-tous-les-ballons-dor-africains-et-des-records,fr,classement,2210,96441,2.29,11.5,,,,,,False
6,https://www.afriquesports.net/football/hakim-ziyech-une-tragedie-personnelle-assombrit-so-af-1766516422085,hakim-ziyech-une-tragedie-personnelle-assombrit-so-af-1766516422085,fr,football,1968,36582,5.38,5.6,,,,,,False
8,https://www.afriquesports.net/europe/europe-europe/lisandro-martinez-4e-alessandro-bastoni-2e-les-5-meilleurs-defenseurs-centraux-gauchers-du-monde-actuel,lisandro-martinez-4e-alessandro-bastoni-2e-les-5-meilleurs-defenseurs-centraux-gauchers-du-monde-actuel,fr,europe,1384,8553,16.18,10.7,,,,,,False
21,https://www.afriquesports.net/football/ziyech-une-absence-qui-souleve-des-questions-apres-af-1766831418559,ziyech-une-absence-qui-souleve-des-questions-apres-af-1766831418559,fr,football,685,11112,6.16,4.4,,,,,,False
29,https://www.afriquesports.net/afrique/cote-divoire/ballon-dor-africain-2024-serhou-guirassy-simon-adingra-voici-les-resultats-des-votes-des,ballon-dor-africain-2024-serhou-guirassy-simon-adingra-voici-les-resultats-des-votes-des,fr,afrique,500,26048,1.92,7.5,,,,,,False
35,https://www.afriquesports.net/football/zidane-3e-modric-9e-le-classement-des-meilleurs-milieux-de-terrain-au-21e-siecle,zidane-3e-modric-9e-le-classement-des-meilleurs-milieux-de-terrain-au-21e-siecle,fr,football,391,4613,8.48,6.7,,,,,,False
39,https://www.afriquesports.net/afrique/senegal/fin-du-suspense-decouvrez-la-liste-des-lions-pour-la-can-2025,fin-du-suspense-decouvrez-la-liste-des-lions-pour-la-can-2025,fr,afrique,364,5389,6.75,8.6,,,,,,False
45,https://www.afriquesports.net/afrique/senegal/mondial-2026-le-senegal-deja-fixe-sur-son-sort-pour-le-tirage-au-sort,mondial-2026-le-senegal-deja-fixe-sur-son-sort-pour-le-tirage-au-sort,fr,afrique,322,26070,1.24,6.1,,,,,,False
46,https://www.afriquesports.net/afrique/senegal/15-heures-apres-le-match-le-verdict-tombe-pour-le-but-refuse-au-senegal-contre-la-rdcvideo,15-heures-apres-le-match-le-verdict-tombe-pour-le-but-refuse-au-senegal-contre-la-rdcvideo,fr,afrique,318,4603,6.91,8.1,,,,,,False
52,https://www.afriquesports.net/football/foot/voici-les-cinq-championnats-africains-les-plus-riches,voici-les-cinq-championnats-africains-les-plus-riches,fr,football,280,4409,6.35,9.4,,,,,,False
55,https://www.afriquesports.net/football/robben-8e-etoo-6e-les-meilleurs-ailiers-droits-de-lhistoire-devoiles-france-football,robben-8e-etoo-6e-les-meilleurs-ailiers-droits-de-lhistoire-devoiles-france-football,fr,football,273,7499,3.64,15.5,,,,,,False
57,https://www.afriquesports.net/article-du-jour/seydou-keita-limpressionnante-fortune-de-lex-star-du-barca-qui-cree-de-lemploi-au-mali,seydou-keita-limpressionnante-fortune-de-lex-star-du-barca-qui-cree-de-lemploi-au-mali,fr,article-du-jour,270,11292,2.39,10.0,,,,,,False
61,https://www.afriquesports.net/article-du-jour/annonce-ruiner-voici-la-fortune-monstrueuse-du-senegalais-el-hadji-diouf,annonce-ruiner-voici-la-fortune-monstrueuse-du-senegalais-el-hadji-diouf,fr,article-du-jour,251,6493,3.87,9.0,,,,,,False
63,https://www.afriquesports.net/category/football,football,fr,category,244,5918,4.12,7.2,,,,,,False
65,https://www.afriquesports.net/article-du-jour/gros-salaires-immeubles-decouvrez-la-fortune-delirante-de-gervinho,gros-salaires-immeubles-decouvrez-la-fortune-delirante-de-gervinho,fr,article-du-jour,239,5845,4.09,12.5,,,,,,False
66,https://www.afriquesports.net/ballon-dor/dembele-ou-yamal-un-gros-indice-fuite-pour-le-ballon-dor,dembele-ou-yamal-un-gros-indice-fuite-pour-le-ballon-dor,fr,ballon-dor,239,4807,4.97,8.2,,,,,,False
68,https://www.afriquesports.net/europe/zidane-vs-ronaldinho-les-statistiques-de-bein-sports-qui-determinent-enfin-le-meilleur,zidane-vs-ronaldinho-les-statistiques-de-bein-sports-qui-determinent-enfin-le-meilleur,fr,europe,238,3773,6.31,21.5,,,,,,False
70,https://www.afriquesports.net/afrique/senegal/onze-de-depart-le-bresil-prepare-une-armada-face-au-senegal-ancelotti-mise-sur-du-lourd,onze-de-depart-le-bresil-prepare-une-armada-face-au-senegal-ancelotti-mise-sur-du-lourd,fr,afrique,230,106411,0.22,8.8,,,,,,False
72,https://www.afriquesports.net/football/businessman-depuis-sa-retraite-lenorme-fortune-de-ronaldo-nazario-enfin-devoilee,businessman-depuis-sa-retraite-lenorme-fortune-de-ronaldo-nazario-enfin-devoilee,fr,football,226,8258,2.74,15.3,,,,,,False
73,https://www.afriquesports.net/football/van-dijk-11e-thiago-silva-9e-maldini-3e-voici-les-meilleurs-defenseurs-du-21e-siecle-afrique-sports,van-dijk-11e-thiago-silva-9e-maldini-3e-voici-les-meilleurs-defenseurs-du-21e-siecle-afrique-sports,fr,football,225,1507,14.93,6.5,,,,,,False
74,https://www.afriquesports.net/football/can-2025-calendrier-complet,can-2025-calendrier-complet,fr,football,222,11141,1.99,7.8,,,,,,False
83,https://www.afriquesports.net/football/les-10-meilleurs-dribbleurs-de-lhistoire-de-lequipe-du-bresil-de-football,les-10-meilleurs-dribbleurs-de-lhistoire-de-lequipe-du-bresil-de-football,fr,football,195,6820,2.86,10.5,,,,,,False
84,https://www.afriquesports.net/football/maroc-candidature-surprise-pour-la-can-2028-revele-af-1766853022922,maroc-candidature-surprise-pour-la-can-2028-revele-af-1766853022922,fr,football,193,9385,2.06,5.8,,,,,,False
89,https://www.afriquesports.net/football/video-les-images-effrayantes-de-la-grosse-altercation-entre-mbappe-et-vinicius-fuitent,video-les-images-effrayantes-de-la-grosse-altercation-entre-mbappe-et-vinicius-fuitent,fr,football,182,2417,7.53,9.2,,,,,,False
100,https://www.afriquesports.net/football/lewandowksi-2e-cavani-6e-les-meilleurs-9-de-la-derniere-decennie-dfo,lewandowksi-2e-cavani-6e-les-meilleurs-9-de-la-derniere-decennie-dfo,fr,football,168,852,19.72,8.7,,,,,,False
101,https://www.afriquesports.net/foot/ayoub-bouaddi-lions-atlas,ayoub-bouaddi-lions-atlas,fr,foot,166,4257,3.90,4.1,,,,,,False
103,https://www.afriquesports.net/football/can-2025-six-joueurs-font-un-retour-inattendu-en-s-af-1766478659291,can-2025-six-joueurs-font-un-retour-inattendu-en-s-af-1766478659291,fr,football,163,1194,13.65,5.1,,,,,,False
104,https://www.afriquesports.net/football/can-2025-mali-et-zambie-les-compositions-officiell-af-1766408461828,can-2025-mali-et-zambie-les-compositions-officiell-af-1766408461828,fr,football,162,79474,0.20,6.1,,,,,,False
112,https://www.afriquesports.net/football/classement-des-meilleurs-gardiens-du-21e-siecle-afrique-sports,classement-des-meilleurs-gardiens-du-21e-siecle-afrique-sports,fr,football,143,1810,7.90,33.1,,,,,,False
113,https://www.afriquesports.net/europe/van-dijk-11e-thiago-silva-9e-maldini-3e-voici-les-meilleurs-defenseurs-du-21e-siecle-afrique-sports,van-dijk-11e-thiago-silva-9e-maldini-3e-voici-les-meilleurs-defenseurs-du-21e-siecle-afrique-sports,fr,europe,141,508,27.76,5.0,,,,,,False
117,https://www.afriquesports.net/football/coupe-du-monde-champion-du-monde-sans-jouer-voici-les-joueurs-qui-ont-realise-cet-exploit,coupe-du-monde-champion-du-monde-sans-jouer-voici-les-joueurs-qui-ont-realise-cet-exploit,fr,football,137,1740,7.87,7.7,,,,,,False
141,https://www.afriquesports.net/football/can-2025-maroc-comores-match-ouverture,can-2025-maroc-comores-match-ouverture,fr,football,119,13886,0.86,5.9,,,,,,False
142,https://www.afriquesports.net/football/video-le-coup-franc-lamentable-de-kylian-mbappe-contre-osasuna-amuse-la-toile,video-le-coup-franc-lamentable-de-kylian-mbappe-contre-osasuna-amuse-la-toile,fr,football,119,1113,10.69,14.3,,,,,,False
143,https://www.afriquesports.net/afrique/senegal/krepin-diatta-se-lache-sur-la-hausse-des-billets-pour-senegal-mauritanie,krepin-diatta-se-lache-sur-la-hausse-des-billets-pour-senegal-mauritanie,fr,afrique,118,7358,1.60,3.6,,,,,,False
147,https://www.afriquesports.net/afrique/can-2025-les-premieres-listes-tombent-les-choix-font-deja-debat,can-2025-les-premieres-listes-tombent-les-choix-font-deja-debat,fr,afrique,115,2406,4.78,9.6,,,,,,False
151,https://www.afriquesports.net/football/can-2025-regragui-clarifie-letat-de-saiss-hakimi-e-af-1766660421954,can-2025-regragui-clarifie-letat-de-saiss-hakimi-e-af-1766660421954,fr,football,112,2341,4.78,4.2,,,,,,False
155,https://www.afriquesports.net/football/19-legendes-ont-tranche-entre-cristiano-ronaldo-et-lionel-messi-13-a-6,19-legendes-ont-tranche-entre-cristiano-ronaldo-et-lionel-messi-13-a-6,fr,football,108,6799,1.59,29.5,,,,,,False
157,https://www.afriquesports.net/football/voici-les-5-footballeurs-du-moment-qui-ont-le-meilleur-controle-rapproche-au-monde,voici-les-5-footballeurs-du-moment-qui-ont-le-meilleur-controle-rapproche-au-monde,fr,football,106,4192,2.53,9.0,,,,,,False
158,https://www.afriquesports.net/afrique/salaires-exorbitants-contrats-en-or-voici-la-grosse-fortune-de-vincent-aboubakar,salaires-exorbitants-contrats-en-or-voici-la-grosse-fortune-de-vincent-aboubakar,fr,afrique,104,4193,2.48,11.8,,,,,,False
163,https://www.afriquesports.net/football/can-2025-lalgerie-perd-chergui-hadjam-incertain-ap-af-1767009646076,can-2025-lalgerie-perd-chergui-hadjam-incertain-ap-af-1767009646076,fr,football,103,2888,3.57,4.0,,,,,,False
165,https://www.afriquesports.net/afrique/mondial-2026-la-fifa-prend-une-decision-ferme-pour-le-benin,mondial-2026-la-fifa-prend-une-decision-ferme-pour-le-benin,fr,afrique,101,1560,6.47,8.2,,,,,,False
172,https://www.afriquesports.net/football/maroc-comores-match-ouverture-can-2025-2,maroc-comores-match-ouverture-can-2025-2,fr,football,100,11630,0.86,6.0,,,,,,False
177,https://www.afriquesports.net/category/afrique-sports-tv,afrique-sports-tv,fr,category,98,6465,1.52,4.9,,,,,,False
180,https://www.afriquesports.net/afrique/maroc/terrible-nouvelle-maroc-en-deuil-un-jeune-footballeur-marocain-abattu-par-la-marine-algerienne,terrible-nouvelle-maroc-en-deuil-un-jeune-footballeur-marocain-abattu-par-la-marine-algerienne,fr,afrique,96,3763,2.55,10.6,,,,,,False
181,https://www.afriquesports.net/afrique/gros-salaires-immeubles-decouvrez-la-fortune-delirante-de-gervinho,gros-salaires-immeubles-decouvrez-la-fortune-delirante-de-gervinho,fr,afrique,95,1632,5.82,7.0,,,,,,False
185,https://www.afriquesports.net/football/can-2025-ndala-arbitre-le-match-douverture-maroc-c-af-1766314914489,can-2025-ndala-arbitre-le-match-douverture-maroc-c-af-1766314914489,fr,football,93,8945,1.04,5.9,,,,,,False
187,https://www.afriquesports.net/classement/lewandowski-8e-pele-5e-messi-les-10-meilleurs-buteurs-de-lhistoire-du-football,lewandowski-8e-pele-5e-messi-les-10-meilleurs-buteurs-de-lhistoire-du-football,fr,classement,92,18687,0.49,40.7,,,,,,False
201,https://www.afriquesports.net/afrique/cameroun/officiel-voici-la-liste-du-cameroun-pour-le-barrage-contre-la-rd-congo,officiel-voici-la-liste-du-cameroun-pour-le-barrage-contre-la-rd-congo,fr,afrique,87,6539,1.33,10.9,,,,,,False
211,https://www.afriquesports.net/football/ibrahim-maza-performance-eclatante-leloge-de-samir-af-1767213013817,ibrahim-maza-performance-eclatante-leloge-de-samir-af-1767213013817,fr,football,84,2622,3.20,6.2,,,,,,False
215,https://www.afriquesports.net/football/comment-santiago-munez-est-devenu-le-plus-grand-footballeur-fictif-de-tous-les-temps,comment-santiago-munez-est-devenu-le-plus-grand-footballeur-fictif-de-tous-les-temps,fr,football,83,7603,1.09,12.1,,,,,,False
220,https://www.afriquesports.net/afrique/cameroun/cameroun-vincent-aboubakar-amasse-une-tres-grosse-fortune,cameroun-vincent-aboubakar-amasse-une-tres-grosse-fortune,fr,afrique,80,4582,1.75,18.3,,,,,,False
221,https://www.afriquesports.net/afrique/cameroun/la-fifa-tranche-et-rend-son-verdict-pour-samuel-etoo,la-fifa-tranche-et-rend-son-verdict-pour-samuel-etoo,fr,afrique,80,3257,2.46,15.8,,,,,,False
228,https://www.afriquesports.net/afrique/senegal/a-quelques-mois-de-la-can-une-mauvaise-nouvelle-tombe-pour-krepin-diatta,a-quelques-mois-de-la-can-une-mauvaise-nouvelle-tombe-pour-krepin-diatta,fr,afrique,78,1405,5.55,8.3,,,,,,False
236,https://www.afriquesports.net/en/ranking/ederson-2nd-onana-the-ranking-of-the-best-goalkeepers-specialising-in-footwork,ederson-2nd-onana-the-ranking-of-the-best-goalkeepers-specialising-in-footwork,en,ranking,76,1556,4.88,19.4,,,,,,False
238,https://www.afriquesports.net/football/foot/lhistoire-derriere-la-cicatrice-de-tete-du-defenseur-de-man-utd-alex-telles,lhistoire-derriere-la-cicatrice-de-tete-du-defenseur-de-man-utd-alex-telles,fr,football,76,676,11.24,26.6,,,,,,False
246,https://www.afriquesports.net/football/pele-3e-zidane-8e-le-nouveau-classement-des-100-meilleurs-joueurs-de-tous-les-temps,pele-3e-zidane-8e-le-nouveau-classement-des-100-meilleurs-joueurs-de-tous-les-temps,fr,football,74,10788,0.69,52.4,,,,,,False
249,https://www.afriquesports.net/afrique/senegal/senegal-soudan-gros-problemes-en-interne-a-la-fsf-avant-le-match,senegal-soudan-gros-problemes-en-interne-a-la-fsf-avant-le-match,fr,afrique,72,2829,2.55,16.3,,,,,,False
253,https://www.afriquesports.net/afrique/seydou-keita-limpressionnante-fortune-de-lex-star-du-barca-qui-cree-de-lemploi-au-mali,seydou-keita-limpressionnante-fortune-de-lex-star-du-barca-qui-cree-de-lemploi-au-mali,fr,afrique,71,2603,2.73,7.9,,,,,,False
256,https://www.afriquesports.net/afrique/senegal/equipe-du-senegal-le-verdict-est-tombe-pour-malick-thiaw,equipe-du-senegal-le-verdict-est-tombe-pour-malick-thiaw,fr,afrique,70,1133,6.18,9.0,,,,,,False
257,https://www.afriquesports.net/article-du-jour/voitures-de-luxe-jet-prive-salaire-mirobolant-la-fortune-colossale-daubameyang,voitures-de-luxe-jet-prive-salaire-mirobolant-la-fortune-colossale-daubameyang,fr,article-du-jour,70,5136,1.36,11.1,,,,,,False
262,https://www.afriquesports.net/afrique/senegal/senegal-rdc-grosse-polemique-apres-un-but-refuse,senegal-rdc-grosse-polemique-apres-un-but-refuse,fr,afrique,68,1137,5.98,10.4,,,,,,False
266,https://www.afriquesports.net/football/ronaldinho-4e-kaka-8e-le-nouveau-top-20-des-meilleurs-joueurs-bresiliens-de-lhistoire,ronaldinho-4e-kaka-8e-le-nouveau-top-20-des-meilleurs-joueurs-bresiliens-de-lhistoire,fr,football,68,1876,3.62,28.4,,,,,,False
270,https://www.afriquesports.net/football/foot/riches-et-milliardaires-le-top-10-des-sportifs-senegalais-photos,riches-et-milliardaires-le-top-10-des-sportifs-senegalais-photos,fr,football,67,2931,2.29,16.8,,,,,,False
272,https://www.afriquesports.net/can-2025/can-2025-maroc-ecrase-les-comores-2-0-reflet-dune-gloire-mondiale,can-2025-maroc-ecrase-les-comores-2-0-reflet-dune-gloire-mondiale,fr,can-2025,66,6462,1.02,5.2,,,,,,False
273,https://www.afriquesports.net/foot/cote-divoire-equipe-type-can-2025-sans-haller,cote-divoire-equipe-type-can-2025-sans-haller,fr,foot,66,4677,1.41,4.5,,,,,,False
276,https://www.afriquesports.net/coupe-du-monde/pele-3e-zidane-7e-cr7-les-50-meilleurs-joueurs-de-lhistoire-devoiles-apres-le-sacre-de-messi,pele-3e-zidane-7e-cr7-les-50-meilleurs-joueurs-de-lhistoire-devoiles-apres-le-sacre-de-messi,fr,coupe-du-monde,65,9158,0.71,44.6,,,,,,False
281,https://www.afriquesports.net/europe/torres-19e-van-persie-12e-aguero-3e-les-30-meilleurs-numeros-9-de-lhistoire-de-la-pl,torres-19e-van-persie-12e-aguero-3e-les-30-meilleurs-numeros-9-de-lhistoire-de-la-pl,fr,europe,63,927,6.80,22.0,,,,,,False
284,https://www.afriquesports.net/afrique/senegal/soudan-du-sud-senegal-les-11-titulaires-attendus-pour-le-choc,soudan-du-sud-senegal-les-11-titulaires-attendus-pour-le-choc,fr,afrique,62,5545,1.12,7.5,,,,,,False
289,https://www.afriquesports.net/football/rdc-les-leopards-prets-a-defier-lalgerie-en-8e-de-af-1767166247262,rdc-les-leopards-prets-a-defier-lalgerie-en-8e-de-af-1767166247262,fr,football,61,3965,1.54,6.3,,,,,,False
293,https://www.afriquesports.net/afrique/cote-divoire/emerse-fae-fait-une-incroyable-revelation-sur-sa-femme,emerse-fae-fait-une-incroyable-revelation-sur-sa-femme,fr,afrique,59,1874,3.15,4.0,,,,,,False
296,https://www.afriquesports.net/football/roman-abramovich-tres-puissant-john-obi-mikel-sort-ses-verites-il-ma-dit-si-jenvoie-des-gens-au-nigeria-je-peux,roman-abramovich-tres-puissant-john-obi-mikel-sort-ses-verites-il-ma-dit-si-jenvoie-des-gens-au-nigeria-je-peux,fr,football,59,405,14.57,10.4,,,,,,False
302,https://www.afriquesports.net/en/non-classe/caf-unveils-groundbreaking-changes-for-2026-world-rm-1760197563847,caf-unveils-groundbreaking-changes-for-2026-world-rm-1760197563847,en,non-classe,58,4749,1.22,3.8,,,,,,False
304,https://www.afriquesports.net/football/barca-tremble-un-joueur-cle-blesse-pendant-la-treve-internationale,barca-tremble-un-joueur-cle-blesse-pendant-la-treve-internationale,fr,football,58,1128,5.14,9.1,,,,,,False
311,https://www.afriquesports.net/en/non-classe/burkina-fasos-shocking-exclusion-from-world-cup-pl-rm-1760535966358,burkina-fasos-shocking-exclusion-from-world-cup-pl-rm-1760535966358,en,non-classe,57,1543,3.69,9.1,,,,,,False
315,https://www.afriquesports.net/afrique/senegal/mondial-2026-q-troisieme-forfait-coup-dur-pour-le-senegal-en-4-jours,mondial-2026-q-troisieme-forfait-coup-dur-pour-le-senegal-en-4-jours,fr,afrique,55,523,10.52,12.9,,,,,,False
317,https://www.afriquesports.net/en/non-classe/brazil-targets-senegal-for-high-stakes-friendly-in-rm-1758892558296,brazil-targets-senegal-for-high-stakes-friendly-in-rm-1758892558296,en,non-classe,55,2005,2.74,8.6,,,,,,False
320,https://www.afriquesports.net/football/tammy-abraham-david-alaba-ces-10-joueurs-dorigines-nigerianes-qui-ont-refuse-de-jouer-pour-les-super-eagles,tammy-abraham-david-alaba-ces-10-joueurs-dorigines-nigerianes-qui-ont-refuse-de-jouer-pour-les-super-eagles,fr,football,55,1204,4.57,15.2,,,,,,False
326,https://www.afriquesports.net/category/mercato,mercato,fr,category,53,12039,0.44,7.6,,,,,,False
329,https://www.afriquesports.net/foot/maroc-tarik-sektioui-coupe-arabe-2025,maroc-tarik-sektioui-coupe-arabe-2025,fr,foot,53,7425,0.71,4.5,,,,,,False
334,https://www.afriquesports.net/afrique/cameroun/samuel-etoo-se-chauffe-avec-un-supporter-la-video-fait-le-buzz,samuel-etoo-se-chauffe-avec-un-supporter-la-video-fait-le-buzz,fr,afrique,52,1498,3.47,8.7,,,,,,False
343,https://www.afriquesports.net/europe/les-tops-gardiens-de-but-actuels-qui-nont-jamais-encaisse-de-but-de-cr7,les-tops-gardiens-de-but-actuels-qui-nont-jamais-encaisse-de-but-de-cr7,fr,europe,51,1081,4.72,9.6,,,,,,False
344,https://www.afriquesports.net/foot/can-2025-remy-vita-comores-defie-maroc,can-2025-remy-vita-comores-defie-maroc,fr,foot,51,5642,0.90,4.3,,,,,,False
354,https://www.afriquesports.net/en/non-classe/senegals-malick-thiaw-sparks-speculation-ahead-of-rm-1759419074433,senegals-malick-thiaw-sparks-speculation-ahead-of-rm-1759419074433,en,non-classe,50,724,6.91,12.0,,,,,,False
358,https://www.afriquesports.net/football/real-madrid-le-nom-du-remplacant-de-courtois-enfin-devoile,real-madrid-le-nom-du-remplacant-de-courtois-enfin-devoile,fr,football,50,2455,2.04,7.0,,,,,,False
363,https://www.afriquesports.net/article-du-jour/cameroun-vincent-aboubakar-amasse-une-tres-grosse-fortune,cameroun-vincent-aboubakar-amasse-une-tres-grosse-fortune,fr,article-du-jour,49,2382,2.06,8.0,,,,,,False
366,https://www.afriquesports.net/afrique/cameroun/tension-maximale-au-cameroun-marc-brys-et-samuel-etoo-saffrontent,tension-maximale-au-cameroun-marc-brys-et-samuel-etoo-saffrontent,fr,afrique,48,1079,4.45,6.8,,,,,,False
368,https://www.afriquesports.net/afrique/senegal/senegal-elimine-de-la-coupe-du-monde-2026-la-verite-eclate,senegal-elimine-de-la-coupe-du-monde-2026-la-verite-eclate,fr,afrique,48,2220,2.16,15.4,,,,,,False
374,https://www.afriquesports.net/afrique/ces-5-joueurs-africains-qui-ont-eu-plus-de-10-clubs-dans-leur-carriere,ces-5-joueurs-africains-qui-ont-eu-plus-de-10-clubs-dans-leur-carriere,fr,afrique,47,655,7.18,9.6,,,,,,False
379,https://www.afriquesports.net/football/angleterre-le-jour-ou-didier-drogba-devenait-le-premier-joueur-africain-a-remporter-le-soulier-dor,angleterre-le-jour-ou-didier-drogba-devenait-le-premier-joueur-africain-a-remporter-le-soulier-dor,fr,football,47,1954,2.41,7.6,,,,,,False
385,https://www.afriquesports.net/afrique/cameroun/si-tout-etait-normal-le-cameroun-serait-deja-marc-brys-se-lache-sur-etoo,si-tout-etait-normal-le-cameroun-serait-deja-marc-brys-se-lache-sur-etoo,fr,afrique,46,2971,1.55,4.6,,,,,,False
391,https://www.afriquesports.net/es/football/huitiemes-de-finale-de-la-can-2025-calendrier-officiel-dates-et-heures-des-matchs,huitiemes-de-finale-de-la-can-2025-calendrier-officiel-dates-et-heures-des-matchs,es,football,46,1708,2.69,1.4,,,,,,False
396,https://www.afriquesports.net/afrique/cameroun/coupe-du-monde-2026-nabil-djellit-se-lache-et-balance-tout-sur-le-cameroun,coupe-du-monde-2026-nabil-djellit-se-lache-et-balance-tout-sur-le-cameroun,fr,afrique,45,1928,2.33,3.9,,,,,,False
399,https://www.afriquesports.net/football/can-2025-la-tension-sur-les-ballons-voles-entre-le-af-1767385884595,can-2025-la-tension-sur-les-ballons-voles-entre-le-af-1767385884595,fr,football,45,1914,2.35,3.5,,,,,,False
401,https://www.afriquesports.net/football/romain-saiss-pas-de-forfait-confirme-pour-la-can-2-af-1766493042558,romain-saiss-pas-de-forfait-confirme-pour-la-can-2-af-1766493042558,fr,football,45,1195,3.77,4.9,,,,,,False
403,https://www.afriquesports.net/football/can-2025-lequipe-type-du-premier-tour-revelee-af-1767285112409,can-2025-lequipe-type-du-premier-tour-revelee-af-1767285112409,fr,football,44,1292,3.41,7.6,,,,,,False
405,https://www.afriquesports.net/afrique/cameroun/andre-onana-trabzonspor-prend-une-decision-choc,andre-onana-trabzonspor-prend-une-decision-choc,fr,afrique,43,2214,1.94,6.2,,,,,,False
407,https://www.afriquesports.net/afrique/salaires-enormes-en-chine-gros-partenariats-a-la-decouverte-de-la-fortune-de-bassogog,salaires-enormes-en-chine-gros-partenariats-a-la-decouverte-de-la-fortune-de-bassogog,fr,afrique,43,1617,2.66,11.7,,,,,,False
414,https://www.afriquesports.net/football/can-2025-vers-un-choc-historique-maroc-algerie-en-af-1767180617832,can-2025-vers-un-choc-historique-maroc-algerie-en-af-1767180617832,fr,football,43,2263,1.90,5.7,,,,,,False
426,https://www.afriquesports.net/europe/casemiro-4e-kimmich-2e-ndidi-6e-les-10-meilleurs-milieux-de-terrain-defensifs-au-monde-actuellement,casemiro-4e-kimmich-2e-ndidi-6e-les-10-meilleurs-milieux-de-terrain-defensifs-au-monde-actuellement,fr,europe,42,7775,0.54,28.9,,,,,,False
427,https://www.afriquesports.net/foot/can-2025-mali-et-zambie-les-compositions-officiell-af-1766408461828,can-2025-mali-et-zambie-les-compositions-officiell-af-1766408461828,fr,foot,42,12285,0.34,3.6,,,,,,False
430,https://www.afriquesports.net/afrique/cote-divoire/terrible-nouvelle-le-monde-du-football-ivoirien-en-deuil-la-fif-annonce-le-deces-de,terrible-nouvelle-le-monde-du-football-ivoirien-en-deuil-la-fif-annonce-le-deces-de,fr,afrique,41,718,5.71,26.8,,,,,,False
433,https://www.afriquesports.net/afrique/senegal/eliminatoires-mondial-2026-le-senegal-annonce-un-renfort-de-taille-contre-la-mauritanie,eliminatoires-mondial-2026-le-senegal-annonce-un-renfort-de-taille-contre-la-mauritanie,fr,afrique,41,1825,2.25,3.2,,,,,,False
438,https://www.afriquesports.net/en/football/the-shocking-revelations-about-desailly-and-his-financial-troubles,the-shocking-revelations-about-desailly-and-his-financial-troubles,en,football,41,2179,1.88,8.2,,,,,,False
440,https://www.afriquesports.net/europe/real-madrid-inquiete-un-joueur-important-pourrait-etre-forfait-contre-le-barca,real-madrid-inquiete-un-joueur-important-pourrait-etre-forfait-contre-le-barca,fr,europe,41,4242,0.97,19.2,,,,,,False
445,https://www.afriquesports.net/football/mbappe-le-dilemme-algerien-ou-camerounais-apres-ma-af-1766701814024,mbappe-le-dilemme-algerien-ou-camerounais-apres-ma-af-1766701814024,fr,football,41,2386,1.72,5.7,,,,,,False
452,https://www.afriquesports.net/football/10-citations-celebres-de-sadio-mane,10-citations-celebres-de-sadio-mane,fr,football,40,310,12.90,8.7,,,,,,False
453,https://www.afriquesports.net/football/can-2025-senegal-et-rd-congo-un-duel-au-sommet-af-1766831487547,can-2025-senegal-et-rd-congo-un-duel-au-sommet-af-1766831487547,fr,football,40,7886,0.51,3.9,,,,,,False
458,https://www.afriquesports.net/afrique/senegal/vie-apres-carriere-la-legende-du-senegal-souleymane-camara-devient-imam,vie-apres-carriere-la-legende-du-senegal-souleymane-camara-devient-imam,fr,afrique,39,1151,3.39,11.4,,,,,,False
459,https://www.afriquesports.net/autres/francis-ngannou-vs-renan-ferreira-comment-regarder-le-combat-en-direct,francis-ngannou-vs-renan-ferreira-comment-regarder-le-combat-en-direct,fr,autres,39,570,6.84,53.3,,,,,,False
468,https://www.afriquesports.net/football/behaja-randriamalala-us-monastir,behaja-randriamalala-us-monastir,fr,football,39,248,15.73,7.1,,,,,,False
478,https://www.afriquesports.net/afrique/senegal/match-amical-senegal-vs-bresil-le-verdict-officiel-est-tombe,match-amical-senegal-vs-bresil-le-verdict-officiel-est-tombe,fr,afrique,38,3564,1.07,8.3,,,,,,False
485,https://www.afriquesports.net/en/non-classe/samuel-etoo-shocks-football-world-with-fifa-appoin-rm-1759937485542,samuel-etoo-shocks-football-world-with-fifa-appoin-rm-1759937485542,en,non-classe,38,1580,2.41,8.0,,,,,,False
487,https://www.afriquesports.net/foot/absents-can-2025-guirassy-gouiri-wissa,absents-can-2025-guirassy-gouiri-wissa,fr,foot,38,2351,1.62,5.3,,,,,,False
490,https://www.afriquesports.net/football/real-madrid-3e-bayern-5e-les-clubs-les-plus-titres-de-lhistoire-du-football,real-madrid-3e-bayern-5e-les-clubs-les-plus-titres-de-lhistoire-du-football,fr,football,38,15536,0.24,55.1,,,,,,False
493,https://www.afriquesports.net/ballon-dor/ballon-dor-2025-le-nom-du-gagnant-fuite-cest-officiel,ballon-dor-2025-le-nom-du-gagnant-fuite-cest-officiel,fr,ballon-dor,37,4381,0.84,29.7,,,,,,False
494,https://www.afriquesports.net/en/football/can-2025-le-benin-accuse-la-var-et-denonce-un-arbitrage-scandaleux,can-2025-le-benin-accuse-la-var-et-denonce-un-arbitrage-scandaleux,en,football,37,473,7.82,4.8,,,,,,False
495,https://www.afriquesports.net/es/football/can-2025-le-benin-accuse-la-var-et-denonce-un-arbitrage-scandaleux,can-2025-le-benin-accuse-la-var-et-denonce-un-arbitrage-scandaleux,es,football,37,599,6.18,5.2,,,,,,False
